{
  "horizontal_sweep": {
    "sam2": {
      "amplitude_ratio": 1.0,
      "mae_px": 0.1174754689570643,
      "angular_mae_deg": 0.009500583960944426,
      "velocity_correlation": 0.8250815310345893,
      "jerk_avg": 0.0025886994577488127,
      "jerk_max": 0.0062242597341537476,
      "direction_changes_az": 0,
      "direction_changes_el": 24,
      "total_frames": 150,
      "tracked_frames": 150,
      "coverage_pct": 100.0,
      "high_conf_frames": 150,
      "high_conf_coverage_pct": 100.0,
      "peak_delay_frames": 0.0,
      "peak_delay_ms": 0.0,
      "pred_amplitude_px": 256.0,
      "gt_amplitude_px": 256.0
    },
    "yolo": {
      "amplitude_ratio": 1.0,
      "mae_px": 0.07,
      "angular_mae_deg": 0.005777790465513358,
      "velocity_correlation": 0.8960039699956165,
      "jerk_avg": 0.003025098139939668,
      "jerk_max": 0.006315052043646572,
      "direction_changes_az": 0,
      "direction_changes_el": 9,
      "total_frames": 150,
      "tracked_frames": 150,
      "coverage_pct": 100.0,
      "high_conf_frames": 0,
      "high_conf_coverage_pct": 0.0,
      "peak_delay_frames": 0.0,
      "peak_delay_ms": 0.0,
      "pred_amplitude_px": 256.0,
      "gt_amplitude_px": 256.0
    },
    "dino_k1": {
      "amplitude_ratio": 0.9990234375,
      "mae_px": 0.5538477631085024,
      "angular_mae_deg": 0.012789676052129063,
      "velocity_correlation": 0.8574334512334489,
      "jerk_avg": 0.0028603030622106796,
      "jerk_max": 0.006313459016382705,
      "direction_changes_az": 0,
      "direction_changes_el": 1,
      "total_frames": 150,
      "tracked_frames": 150,
      "coverage_pct": 100.0,
      "high_conf_frames": 150,
      "high_conf_coverage_pct": 100.0,
      "peak_delay_frames": 0.0,
      "peak_delay_ms": 0.0,
      "pred_amplitude_px": 255.75,
      "gt_amplitude_px": 256.0
    },
    "dino_k5": {
      "amplitude_ratio": 0.97265625,
      "mae_px": 7.076707760011797,
      "angular_mae_deg": 0.6752873969474151,
      "velocity_correlation": -0.01640766134094272,
      "jerk_avg": 0.022975836481366838,
      "jerk_max": 0.06599609553813934,
      "direction_changes_az": 58,
      "direction_changes_el": 58,
      "total_frames": 150,
      "tracked_frames": 150,
      "coverage_pct": 100.0,
      "high_conf_frames": 30,
      "high_conf_coverage_pct": 20.0,
      "peak_delay_frames": 0.0,
      "peak_delay_ms": 0.0,
      "pred_amplitude_px": 249.0,
      "gt_amplitude_px": 256.0
    },
    "dino_k10": {
      "amplitude_ratio": 0.939453125,
      "mae_px": 15.594414808397545,
      "angular_mae_deg": 1.5043521798058335,
      "velocity_correlation": -0.0011233156608423985,
      "jerk_avg": 0.022267050483599813,
      "jerk_max": 0.1257384568452835,
      "direction_changes_az": 28,
      "direction_changes_el": 28,
      "total_frames": 150,
      "tracked_frames": 150,
      "coverage_pct": 100.0,
      "high_conf_frames": 15,
      "high_conf_coverage_pct": 10.0,
      "peak_delay_frames": 0.0,
      "peak_delay_ms": 0.0,
      "pred_amplitude_px": 240.5,
      "gt_amplitude_px": 256.0
    }
  },
  "diagonal_sweep": {
    "sam2": {
      "amplitude_ratio": 0.9990234375,
      "mae_px": 0.3538071187457698,
      "angular_mae_deg": 0.005930541198530997,
      "velocity_correlation": 0.9035492069912325,
      "jerk_avg": 0.0027940553251881947,
      "jerk_max": 0.0062979310750961096,
      "direction_changes_az": 0,
      "direction_changes_el": 0,
      "total_frames": 150,
      "tracked_frames": 150,
      "coverage_pct": 100.0,
      "high_conf_frames": 150,
      "high_conf_coverage_pct": 100.0,
      "peak_delay_frames": 0.0,
      "peak_delay_ms": 0.0,
      "pred_amplitude_px": 255.75,
      "gt_amplitude_px": 256.0
    },
    "yolo": {
      "amplitude_ratio": 0.9736328125,
      "mae_px": 10.6610748946819,
      "angular_mae_deg": 0.8100270731576659,
      "velocity_correlation": 0.009824687791049754,
      "jerk_avg": 0.013435548488177405,
      "jerk_max": 0.15687208250164986,
      "direction_changes_az": 18,
      "direction_changes_el": 18,
      "total_frames": 150,
      "tracked_frames": 150,
      "coverage_pct": 100.0,
      "high_conf_frames": 0,
      "high_conf_coverage_pct": 0.0,
      "peak_delay_frames": 0.0,
      "peak_delay_ms": 0.0,
      "pred_amplitude_px": 249.25,
      "gt_amplitude_px": 256.0
    },
    "dino_k1": {
      "amplitude_ratio": 1.0,
      "mae_px": 0.6228833568373516,
      "angular_mae_deg": 0.029121817044082784,
      "velocity_correlation": 0.8930388570939188,
      "jerk_avg": 0.0033321931172593123,
      "jerk_max": 0.006802931427955572,
      "direction_changes_az": 0,
      "direction_changes_el": 0,
      "total_frames": 150,
      "tracked_frames": 150,
      "coverage_pct": 100.0,
      "high_conf_frames": 150,
      "high_conf_coverage_pct": 100.0,
      "peak_delay_frames": 0.0,
      "peak_delay_ms": 0.0,
      "pred_amplitude_px": 256.0,
      "gt_amplitude_px": 256.0
    },
    "dino_k5": {
      "amplitude_ratio": 0.97265625,
      "mae_px": 9.170269064736567,
      "angular_mae_deg": 0.6946722723126076,
      "velocity_correlation": -0.017407316197424836,
      "jerk_avg": 0.02297543830612079,
      "jerk_max": 0.0642065554857254,
      "direction_changes_az": 58,
      "direction_changes_el": 58,
      "total_frames": 150,
      "tracked_frames": 150,
      "coverage_pct": 100.0,
      "high_conf_frames": 30,
      "high_conf_coverage_pct": 20.0,
      "peak_delay_frames": 0.0,
      "peak_delay_ms": 0.0,
      "pred_amplitude_px": 249.0,
      "gt_amplitude_px": 256.0
    },
    "dino_k10": {
      "amplitude_ratio": 0.9404296875,
      "mae_px": 19.82638545304667,
      "angular_mae_deg": 1.520348755693831,
      "velocity_correlation": -0.0014163616454413094,
      "jerk_avg": 0.022287274704498497,
      "jerk_max": 0.1257384568452835,
      "direction_changes_az": 28,
      "direction_changes_el": 28,
      "total_frames": 150,
      "tracked_frames": 150,
      "coverage_pct": 100.0,
      "high_conf_frames": 15,
      "high_conf_coverage_pct": 10.0,
      "peak_delay_frames": 0.0,
      "peak_delay_ms": 0.0,
      "pred_amplitude_px": 240.75,
      "gt_amplitude_px": 256.0
    }
  },
  "oscillating": {
    "sam2": {
      "amplitude_ratio": 0.03355704697986577,
      "mae_px": 142.99944851059593,
      "angular_mae_deg": 14.283644886755864,
      "velocity_correlation": -0.08776742032853267,
      "jerk_avg": 0.0006382040700045267,
      "jerk_max": 0.02525817649438977,
      "direction_changes_az": 5,
      "direction_changes_el": 5,
      "total_frames": 150,
      "tracked_frames": 150,
      "coverage_pct": 100.0,
      "high_conf_frames": 137,
      "high_conf_coverage_pct": 91.33333333333333,
      "peak_delay_frames": -14.333333333333334,
      "peak_delay_ms": -477.7777777777778,
      "pred_amplitude_px": 7.5,
      "gt_amplitude_px": 223.5
    },
    "yolo": {
      "amplitude_ratio": 0.0,
      "mae_px": 142.5135443210672,
      "angular_mae_deg": 14.232997323489144,
      "velocity_correlation": 0,
      "jerk_avg": 0.0,
      "jerk_max": 0.0,
      "direction_changes_az": 0,
      "direction_changes_el": 0,
      "total_frames": 150,
      "tracked_frames": 150,
      "coverage_pct": 100.0,
      "high_conf_frames": 0,
      "high_conf_coverage_pct": 0.0,
      "peak_delay_frames": -14.5,
      "peak_delay_ms": -483.3333333333333,
      "pred_amplitude_px": 0.0,
      "gt_amplitude_px": 223.5
    },
    "dino_k1": {
      "amplitude_ratio": 1.0,
      "mae_px": 9.036778535985299,
      "angular_mae_deg": 0.8810179821861773,
      "velocity_correlation": 0.9969011771234901,
      "jerk_avg": 0.0018507183781273728,
      "jerk_max": 0.006896317005157249,
      "direction_changes_az": 8,
      "direction_changes_el": 13,
      "total_frames": 150,
      "tracked_frames": 150,
      "coverage_pct": 100.0,
      "high_conf_frames": 150,
      "high_conf_coverage_pct": 100.0,
      "peak_delay_frames": -0.16666666666666666,