{
  "daw_hd": {
    "sam2": {
      "num_frames": 150,
      "fps": 12.448316568830174,
      "vram_mb": 2442.1142578125,
      "time_sec": 12.049822092056274,
      "total_frames": 150,
      "high_conf_frames": 0,
      "coverage_pct": 100.0,
      "high_conf_coverage_pct": 0.0,
      "jerk_avg": 0.10204081632653061,
      "jerk_max": 2.0,
      "dir_changes_x": 19,
      "dir_changes_y": 6,
      "range_x_px": 1.0,
      "range_y_px": 0.5,
      "mean_confidence": 0.5205825867255529
    },
    "dino_k5": {
      "num_frames": 150,
      "fps": 19.523866918881062,
      "vram_mb": 2461.62890625,
      "time_sec": 7.682904243469238,
      "total_frames": 150,
      "high_conf_frames": 0,
      "coverage_pct": 100.0,
      "high_conf_coverage_pct": 0.0,
      "jerk_avg": 0.11564625850340135,
      "jerk_max": 2.0,
      "dir_changes_x": 22,
      "dir_changes_y": 10,
      "range_x_px": 1.0,
      "range_y_px": 1.0,
      "mean_confidence": 0.6441477247079216
    }
  },
  "marker_hd": {
    "sam2": {
      "num_frames": 150,
      "fps": 11.532550799578061,
      "vram_mb": 2442.1142578125,
      "time_sec": 13.006662845611572,
      "total_frames": 150,
      "high_conf_frames": 141,
      "coverage_pct": 100.0,
      "high_conf_coverage_pct": 94.0,
      "jerk_avg": 0.9336734693877551,
      "jerk_max": 79.5,
      "dir_changes_x": 5,
      "dir_changes_y": 12,
      "range_x_px": 37.5,
      "range_y_px": 11.0,
      "mean_confidence": 0.9586292006484776
    },
    "dino_k5": {
      "num_frames": 150,
      "fps": 18.998068413031614,
      "vram_mb": 2461.62890625,
      "time_sec": 7.8955395221710205,
      "total_frames": 150,
      "high_conf_frames": 12,
      "coverage_pct": 100.0,
      "high_conf_coverage_pct": 8.0,
      "jerk_avg": 33.31292517006803,
      "jerk_max": 141.0,
      "dir_changes_x": 56,
      "dir_changes_y": 58,
      "range_x_px": 646.0,
      "range_y_px": 324.5,
      "mean_confidence": 0.6989393210411073
    }
  },
  "laser_hd": {
    "sam2": {
      "num_frames": 150,
      "fps": 12.58731428729884,
      "vram_mb": 2442.1142578125,
      "time_sec": 11.916759729385376,
      "total_frames": 150,
      "high_conf_frames": 150,
      "coverage_pct": 100.0,
      "high_conf_coverage_pct": 100.0,
      "jerk_avg": 1.1394557823129252,
      "jerk_max": 44.0,
      "dir_changes_x": 36,
      "dir_changes_y": 14,
      "range_x_px": 118.0,
      "range_y_px": 80.0,
      "mean_confidence": 0.90395210425059
    },
    "dino_k5": {
      "num_frames": 150,
      "fps": 19.51565354647643,
      "vram_mb": 2461.62890625,
      "time_sec": 7.686137676239014,
      "total_frames": 150,
      "high_conf_frames": 0,
      "coverage_pct": 100.0,
      "high_conf_coverage_pct": 0.0,
      "jerk_avg": 46.49659863945578,
      "jerk_max": 1376.0,
      "dir_changes_x": 56,
      "dir_changes_y": 56,
      "range_x_px": 688.0,
      "range_y_px": 289.0,
      "mean_confidence": 0.6331911581754687
    }
  },
  "color_test": {
    "sam2": {
      "num_frames": 30,
      "fps": 12.20743924590619,
      "vram_mb": 2259.75341796875,
      "time_sec": 2.4575178623199463,
      "total_frames": 30,
      "high_conf_frames": 29,
      "coverage_pct": 100.0,
      "high_conf_coverage_pct": 96.66666666666667,
      "jerk_avg": 4.074074074074074,
      "jerk_max": 219.5,
      "dir_changes_x": 1,
      "dir_changes_y": 1,
      "range_x_px": 219.5,
      "range_y_px": 0.5,
      "mean_confidence": 0.9687948922316233
    },
    "dino_k5": {
      "num_frames": 30,
      "fps": 18.717513366239576,
      "vram_mb": 2279.87646484375,
      "time_sec": 1.6027770042419434,
      "total_frames": 30,
      "high_conf_frames": 0,
      "coverage_pct": 100.0,
      "high_conf_coverage_pct": 0.0,
      "jerk_avg": 28.074074074074073,
      "jerk_max": 153.0,
      "dir_changes_x": 10,
      "dir_changes_y": 0,
      "range_x_px": 379.0,
      "range_y_px": 0.0,
      "mean_confidence": 0.67675692598025
    }
  },
  "point_test": {
    "sam2": {
      "num_frames": 30,
      "fps": 12.242591224871889,
      "vram_mb": 2259.75341796875,
      "time_sec": 2.4504616260528564,
      "total_frames": 30,
      "high_conf_frames": 27,
      "coverage_pct": 100.0,
      "high_conf_coverage_pct": 90.0,
      "jerk_avg": 11.86111111111111,
      "jerk_max": 302.0,
      "dir_changes_x": 2,
      "dir_changes_y": 4,
      "range_x_px": 152.0,
      "range_y_px": 4.5,
      "mean_confidence": 0.9158581870297591
    },
    "dino_k5": {
      "num_frames": 30,
      "fps": 18.53659327059358,
      "vram_mb": 2279.87646484375,
      "time_sec": 1.6184203624725342,
      "total_frames": 30,
      "high_conf_frames": 0,
      "coverage_pct": 100.0,
      "high_conf_coverage_pct": 0.0,
      "jerk_avg": 67.66666666666666,
      "jerk_max": 302.0,
      "dir_changes_x": 10,
      "dir_changes_y": 8,
      "range_x_px": 300.0,
      "range_y_px": 259.5,
      "mean_confidence": 0.6492519017060595
    }
  },
  "person_walking": {
    "sam2": {
      "num_frames": 346,
      "fps": 13.831678642125512,
      "vram_mb": 2442.1083984375,
      "time_sec": 25.015040397644043,
      "total_frames": 346,
      "high_conf_frames": 290,
      "coverage_pct": 100.0,
      "high_conf_coverage_pct": 83.8150289017341,
      "jerk_avg": 15.816326530612246,
      "jerk_max": 297.0,
      "dir_changes_x": 105,
      "dir_changes_y": 113,
      "range_x_px": 422.0,
      "range_y_px": 266.0,
      "mean_confidence": 0.8312916820276679
    },
    "dino_k5": {
      "num_frames": 346,
      "fps": 20.663914049073046,
      "vram_mb": 2461.623046875,
      "time_sec": 16.744165658950806,
      "total_frames": 346,
      "high_conf_frames": 0,
      "coverage_pct": 100.0,
      "high_conf_coverage_pct": 0.0,
      "jerk_avg": 91.7033527696793,
      "jerk_max": 1715.0,
      "dir_changes_x": 137,
      "dir_changes_y": 129,
      "range_x_px": 978.0,
      "range_y_px": 74.5,
      "mean_confidence": 0.6413523312248937
    }
  },
  "dance_smoke": {
    "sam2": {
      "num_frames": 448,
      "fps": 13.813938069241503,
      "vram_mb": 2442.1083984375,
      "time_sec": 32.43101263046265,
      "total_frames": 448,
      "high_conf_frames": 448,
      "coverage_pct": 100.0,
      "high_conf_coverage_pct": 100.0,
      "jerk_avg": 6.225842696629214,
      "jerk_max": 57.5,
      "dir_changes_x": 100,
      "dir_changes_y": 138,
      "range_x_px": 228.5,
      "range_y_px": 105.0,
      "mean_confidence": 0.9348678886890411
    },
    "dino_k5": {
      "num_frames": 448,
      "fps": 20.554680485358492,
      "vram_mb": 2461.623046875,
      "time_sec": 21.795522451400757,
      "total_frames": 448,
      "high_conf_frames": 85,
      "coverage_pct": 100.0,
      "high_conf_coverage_pct": 18.973214285714285,
      "jerk_avg": 17.56629213483146,
      "jerk_max": 256.0,
      "dir_changes_x": 176,
      "dir_changes_y": 162,
      "range_x_px": 267.0,
      "range_y_px": 100.0,
      "mean_confidence": 0.7348414463390197
    }
  },
  "runner_park": {
    "sam2": {
      "num_frames": 720,
      "fps": 13.888659662120459,
      "vram_mb": 2442.1083984375,
      "time_sec": 51.84085559844971,
      "total_frames": 720,
      "high_conf_frames": 720,
      "coverage_pct": 100.0,
      "high_conf_coverage_pct": 100.0,
      "jerk_avg": 2.1589958158995817,
      "jerk_max": 102.0,
      "dir_changes_x": 305,
      "dir_changes_y": 320,
      "range_x_px": 139.0,
      "range_y_px": 139.0,
      "mean_confidence": 0.9342889996038543
    },
    "dino_k5": {
      "num_frames": 720,
      "fps": 20.89434485099782,
      "vram_mb": 2461.623046875,
      "time_sec": 34.4590847492218,
      "total_frames": 720,
      "high_conf_frames": 133,
      "coverage_pct": 100.0,
      "high_conf_coverage_pct": 18.47222222222222,
      "jerk_avg": 4.698744769874477,
      "jerk_max": 134.0,
      "dir_changes_x": 278,
      "dir_changes_y": 268,
      "range_x_px": 177.0,
      "range_y_px": 137.0,