{
  "real_videos": {
    "daw_hd": {
      "sam2": {
        "jerk_avg": 0.005906742947839673,
        "jerk_max": 0.09119327070342464,
        "jerk_az_avg": 0.007075448717862432,
        "jerk_el_avg": 0.004738037177816914,
        "dir_changes_az": 18,
        "dir_changes_el": 21,
        "total_frames": 150,
        "high_conf_frames": 0,
        "high_conf_pct": 0.0,
        "mean_confidence": 0.5205825867255529,
        "amplitude_x_px": 0.5,
        "amplitude_y_px": 0.25,
        "fps": 11.03291904811065,
        "num_frames": 150,
        "time_sec": 13.59567666053772
      },
      "dino_k5": {
        "jerk_avg": 0.0012450342955940845,
        "jerk_max": 0.018221237158300596,
        "jerk_az_avg": 0.0012035072100783793,
        "jerk_el_avg": 0.0012865613811097896,
        "dir_changes_az": 15,
        "dir_changes_el": 18,
        "total_frames": 150,
        "high_conf_frames": 0,
        "high_conf_pct": 0.0,
        "mean_confidence": 0.38424677928288775,
        "amplitude_x_px": 0.5,
        "amplitude_y_px": 0.5,
        "fps": 19.6146430671175,
        "num_frames": 150,
        "time_sec": 7.647347927093506
      }
    },
    "marker_hd": {
      "sam2": {
        "jerk_avg": 0.05231021181921204,
        "jerk_max": 3.426685416027901,
        "jerk_az_avg": 0.055728163932340674,
        "jerk_el_avg": 0.0488922597060834,
        "dir_changes_az": 5,
        "dir_changes_el": 10,
        "total_frames": 150,
        "high_conf_frames": 141,
        "high_conf_pct": 94.0,
        "mean_confidence": 0.9586292006484776,
        "amplitude_x_px": 18.75,
        "amplitude_y_px": 5.5,
        "fps": 11.776820217958898,
        "num_frames": 150,
        "time_sec": 12.736884593963623
      },
      "dino_k5": {
        "jerk_avg": 0.0682271197142652,
        "jerk_max": 0.5853711175321905,
        "jerk_az_avg": 0.04568221018779445,
        "jerk_el_avg": 0.09077202924073595,
        "dir_changes_az": 4,
        "dir_changes_el": 5,
        "total_frames": 150,
        "high_conf_frames": 12,
        "high_conf_pct": 8.0,
        "mean_confidence": 0.6283345603942871,
        "amplitude_x_px": 323.0,
        "amplitude_y_px": 162.25,
        "fps": 19.525080554904093,
        "num_frames": 150,
        "time_sec": 7.682426691055298
      }
    },
    "laser_hd": {
      "sam2": {
        "jerk_avg": 0.11646244924142345,
        "jerk_max": 4.543624650174485,
        "jerk_az_avg": 0.17119562928681178,
        "jerk_el_avg": 0.061729269196035115,
        "dir_changes_az": 36,
        "dir_changes_el": 31,
        "total_frames": 150,
        "high_conf_frames": 150,
        "high_conf_pct": 100.0,
        "mean_confidence": 0.90395210425059,
        "amplitude_x_px": 59.0,
        "amplitude_y_px": 40.0,
        "fps": 12.747133060272834,
        "num_frames": 150,
        "time_sec": 11.767351865768433
      },
      "dino_k5": {
        "jerk_avg": 0.6796051234046822,
        "jerk_max": 18.429038940331694,
        "jerk_az_avg": 1.0383189470630119,
        "jerk_el_avg": 0.3208912997463524,
        "dir_changes_az": 13,
        "dir_changes_el": 14,
        "total_frames": 150,
        "high_conf_frames": 0,
        "high_conf_pct": 0.0,
        "mean_confidence": 0.3231146134138107,
        "amplitude_x_px": 344.0,
        "amplitude_y_px": 144.5,
        "fps": 19.490549441548406,
        "num_frames": 150,
        "time_sec": 7.696037530899048
      }
    },
    "basketball_dribble": {
      "sam2": {
        "jerk_avg": 0.052179009116028637,
        "jerk_max": 16.464888164178582,
        "jerk_az_avg": 0.0,
        "jerk_el_avg": 0.10435801823205727,
        "dir_changes_az": 0,
        "dir_changes_el": 109,
        "total_frames": 424,
        "high_conf_frames": 424,
        "high_conf_pct": 100.0,
        "mean_confidence": 0.9839563946116645,
        "amplitude_x_px": 0.0,
        "amplitude_y_px": 65.0,
        "fps": 13.767044989318567,
        "num_frames": 424,
        "time_sec": 30.798185110092163
      },
      "dino_k5": {
        "jerk_avg": 0.09844732249240756,
        "jerk_max": 2.23703380224633,
        "jerk_az_avg": 0.13823819413034005,
        "jerk_el_avg": 0.05865645085447509,
        "dir_changes_az": 43,
        "dir_changes_el": 26,
        "total_frames": 424,
        "high_conf_frames": 330,
        "high_conf_pct": 77.83018867924528,
        "mean_confidence": 0.7480261280992122,
        "amplitude_x_px": 101.75,
        "amplitude_y_px": 49.5,
        "fps": 20.85575897846349,
        "num_frames": 424,
        "time_sec": 20.330116033554077
      }
    },
    "dance_breakdance": {
      "sam2": {
        "jerk_avg": 0.2625134972855662,
        "jerk_max": 22.52981184052571,
        "jerk_az_avg": 0.242454800814888,
        "jerk_el_avg": 0.2825721937562444,
        "dir_changes_az": 84,
        "dir_changes_el": 299,
        "total_frames": 959,
        "high_conf_frames": 951,
        "high_conf_pct": 99.16579770594369,
        "mean_confidence": 0.961462045385579,
        "amplitude_x_px": 186.5,
        "amplitude_y_px": 122.5,
        "fps": 13.724840450517242,
        "num_frames": 959,
        "time_sec": 69.87330770492554
      },
      "dino_k5": {
        "jerk_avg": 0.18049072630852483,
        "jerk_max": 3.642676488151201,
        "jerk_az_avg": 0.15949831672208684,
        "jerk_el_avg": 0.20148313589496283,
        "dir_changes_az": 77,
        "dir_changes_el": 78,
        "total_frames": 959,
        "high_conf_frames": 924,
        "high_conf_pct": 96.35036496350365,
        "mean_confidence": 0.8330048868939576,
        "amplitude_x_px": 273.75,
        "amplitude_y_px": 99.0,
        "fps": 20.9912636076894,
        "num_frames": 959,
        "time_sec": 45.685672760009766
      }
    },
    "dance_choreography": {
      "sam2": {
        "jerk_avg": 0.1888705441384232,
        "jerk_max": 1.7064339716684884,
        "jerk_az_avg": 0.21591926027328986,
        "jerk_el_avg": 0.16182182800355652,
        "dir_changes_az": 122,
        "dir_changes_el": 135,
        "total_frames": 435,
        "high_conf_frames": 435,
        "high_conf_pct": 100.0,
        "mean_confidence": 0.9627310541854508,
        "amplitude_x_px": 91.25,
        "amplitude_y_px": 43.5,
        "fps": 13.826270036925353,
        "num_frames": 435,
        "time_sec": 31.46184754371643
      },
      "dino_k5": {
        "jerk_avg": 0.6785570954318828,
        "jerk_max": 32.592213438536334,
        "jerk_az_avg": 1.1682912317599898,
        "jerk_el_avg": 0.1888229591037758,
        "dir_changes_az": 49,
        "dir_changes_el": 46,
        "total_frames": 435,
        "high_conf_frames": 423,
        "high_conf_pct": 97.24137931034483,
        "mean_confidence": 0.7510487826391198,
        "amplitude_x_px": 448.25,
        "amplitude_y_px": 42.75,
        "fps": 20.76604097927062,
        "num_frames": 435,
        "time_sec": 20.947661638259888
      }
    },
    "dance_colored_lights": {
      "sam2": {
        "jerk_avg": 0.16693756984575497,
        "jerk_max": 2.8304235618641016,
        "jerk_az_avg": 0.23840211395484048,
        "jerk_el_avg": 0.09547302573666946,
        "dir_changes_az": 127,
        "dir_changes_el": 128,
        "total_frames": 542,
        "high_conf_frames": 542,
        "high_conf_pct": 100.0,
        "mean_confidence": 0.9625201793834293,
        "amplitude_x_px": 274.75,
        "amplitude_y_px": 65.25,
        "fps": 13.808240987456735,
        "num_frames": 542,
        "time_sec": 39.25192213058472
      },
      "dino_k5": {
        "jerk_avg": 0.06168604169120857,
        "jerk_max": 1.808920960164528,
        "jerk_az_avg": 0.09339751150660636,
        "jerk_el_avg": 0.029974571875810773,
        "dir_changes_az": 34,
        "dir_changes_el": 35,
        "total_frames": 542,
        "high_conf_frames": 514,
        "high_conf_pct": 94.8339483394834,
        "mean_confidence": 0.7922604526650862,
        "amplitude_x_px": 280.25,
        "amplitude_y_px": 63.25,