{
  "stereo": {
    "mono_no_cues": {
      "name": "mono_no_cues",
      "channels": 2,
      "spectral_centroid_hz": 7938.132589086855,
      "stereo_width": 0.0,
      "dynamic_range_db": 5.0200958251953125,
      "reverb_decay_ratio": 0.05960647761821747,
      "rms_level": 0.44883349537849426
    },
    "mono_gain_only": {
      "name": "mono_gain_only",
      "channels": 2,
      "spectral_centroid_hz": 8112.390536376129,
      "stereo_width": 0.0,
      "dynamic_range_db": 8.352591514587402,
      "reverb_decay_ratio": 0.33369091153144836,
      "rms_level": 0.1501423418521881
    },
    "mono_gain_lpf": {
      "name": "mono_gain_lpf",
      "channels": 2,
      "spectral_centroid_hz": 4218.07951678914,
      "stereo_width": 2.220446049250313e-16,
      "dynamic_range_db": 8.233813285827637,
      "reverb_decay_ratio": 0.33572322130203247,
      "rms_level": 0.14945583045482635
    },
    "mono_full": {
      "name": "mono_full",
      "channels": 2,
      "spectral_centroid_hz": 3992.9638712806395,
      "stereo_width": 2.220446049250313e-16,
      "dynamic_range_db": 8.695328712463379,
      "reverb_decay_ratio": 0.3104384243488312,
      "rms_level": 0.16409920156002045
    },
    "stereo_pan_only": {
      "name": "stereo_pan_only",
      "channels": 2,
      "spectral_centroid_hz": 7944.8930828277535,
      "stereo_width": 0.461214974100832,
      "dynamic_range_db": 7.567448139190674,
      "reverb_decay_ratio": 0.3349168300628662,
      "rms_level": 0.10616665333509445
    },
    "stereo_pan_full": {
      "name": "stereo_pan_full",
      "channels": 2,
      "spectral_centroid_hz": 3847.538767047485,
      "stereo_width": 0.46327179756802195,
      "dynamic_range_db": 7.866666316986084,
      "reverb_decay_ratio": 0.31303703784942627,
      "rms_level": 0.11601419001817703
    },
    "foa_to_stereo": {
      "name": "foa_to_stereo",
      "channels": 2,
      "spectral_centroid_hz": 3671.6929164660905,
      "stereo_width": 0.25789018981319556,
      "dynamic_range_db": 8.5746488571167,
      "reverb_decay_ratio": 0.34330835938453674,
      "rms_level": 0.30319687724113464
    }
  },
  "foa": {
    "foa_full": {
      "name": "foa_full",
      "channels": 4,
      "spectral_centroid_hz": 3332.323053686834,
      "stereo_width": "N/A (4ch FOA)",
      "dynamic_range_db": 7.3055877685546875,
      "reverb_decay_ratio": 0.2600628733634949,
      "rms_level": 0.11599914729595184,
      "foa_w_energy": 0.11603564769029617,
      "foa_xyz_energy": 0.2008953094482422,
      "foa_directivity_ratio": 1.7313240766525269
    }
  }
}